sb_1.01.swargavargah.mp3,1.1.1,1.1.1.1,10.873423
sb_1.01.swargavargah.mp3,1.1.1,1.1.1.2,17.003627
sb_1.01.swargavargah.mp3,1.1.2,1.1.2.1,23.933423
sb_1.01.swargavargah.mp3,1.1.2,1.1.2.2,31.129749
sb_1.01.swargavargah.mp3,1.1.3,1.1.3.1,37.902117
sb_1.01.swargavargah.mp3,1.1.3,1.1.3.2,44.743070
sb_1.01.swargavargah.mp3,1.1.4,1.1.4.1,52.028240
sb_1.01.swargavargah.mp3,1.1.4,1.1.4.2,59.301016
sb_1.01.swargavargah.mp3,1.1.5,1.1.5.1,66.408499
sb_1.01.swargavargah.mp3,1.1.5,1.1.5.2,72.627547
sb_1.01.swargavargah.mp3,1.1.6,1.1.6.1,80.179248
sb_1.01.swargavargah.mp3,1.1.6,1.1.6.2,86.198473
sb_1.01.swargavargah.mp3,1.1.7,1.1.7.1,93.839018
sb_1.01.swargavargah.mp3,1.1.7,1.1.7.2,100.565018
sb_1.01.swargavargah.mp3,1.1.8,1.1.8.1,106.810174
sb_1.01.swargavargah.mp3,1.1.8,1.1.8.2,113.384596
sb_1.01.swargavargah.mp3,1.1.9,1.1.9.1,120.669766
sb_1.01.swargavargah.mp3,1.1.9,1.1.9.2,127.777249
sb_1.01.swargavargah.mp3,1.1.10,1.1.10.1,134.795888
sb_1.01.swargavargah.mp3,1.1.10,1.1.10.2,141.459154
sb_1.01.swargavargah.mp3,1.1.11,1.1.11.1,148.655480
sb_1.01.swargavargah.mp3,1.1.11,1.1.11.2,154.785684
sb_1.01.swargavargah.mp3,1.1.12,1.1.12.1,161.804324
sb_1.01.swargavargah.mp3,1.1.12,1.1.12.2,168.556433
sb_1.01.swargavargah.mp3,1.1.13,1.1.13.1,175.575072
sb_1.01.swargavargah.mp3,1.1.13,1.1.13.2,182.272168
sb_1.01.swargavargah.mp3,1.1.14,1.1.14.1,188.812759
sb_1.01.swargavargah.mp3,1.1.14,1.1.14.2,195.031807
sb_1.01.swargavargah.mp3,1.1.15,1.1.15.1,202.228133
sb_1.01.swargavargah.mp3,1.1.15,1.1.15.2,209.335616
sb_1.01.swargavargah.mp3,1.1.16,1.1.16.1,216.354256
sb_1.01.swargavargah.mp3,1.1.16,1.1.16.2,223.817113
sb_1.01.swargavargah.mp3,1.1.17,1.1.17.1,230.480378
sb_1.01.swargavargah.mp3,1.1.17,1.1.17.2,236.877113
sb_1.01.swargavargah.mp3,1.1.17,1.1.17.3,243.895752
sb_1.01.swargavargah.mp3,1.1.17,1.1.17.4,250.825548
sb_1.01.swargavargah.mp3,1.1.18,1.1.18.1,257.577657
sb_1.01.swargavargah.mp3,1.1.18,1.1.18.2,264.507453
sb_1.01.swargavargah.mp3,1.1.19,1.1.19.1,271.526092
sb_1.01.swargavargah.mp3,1.1.19,1.1.19.2,278.811263
sb_1.01.swargavargah.mp3,1.1.20,1.1.20.1,286.274120
sb_1.01.swargavargah.mp3,1.1.20,1.1.20.2,292.759698
sb_1.01.swargavargah.mp3,1.1.21,1.1.21.1,299.067589
sb_1.01.swargavargah.mp3,1.1.21,1.1.21.2,305.642011
sb_1.01.swargavargah.mp3,1.1.22,1.1.22.1,311.918085
sb_1.01.swargavargah.mp3,1.1.22,1.1.22.2,318.306718
sb_1.01.swargavargah.mp3,1.1.22,1.1.22.3,324.170391
sb_1.01.swargavargah.mp3,1.1.22,1.1.22.4,330.122908
sb_1.01.swargavargah.mp3,1.1.23,1.1.23.1,336.164269
sb_1.01.swargavargah.mp3,1.1.23,1.1.23.2,342.827534
sb_1.01.swargavargah.mp3,1.1.24,1.1.24.1,349.046582
sb_1.01.swargavargah.mp3,1.1.24,1.1.24.2,355.976378
sb_1.01.swargavargah.mp3,1.1.25,1.1.25.1,362.639643
sb_1.01.swargavargah.mp3,1.1.25,1.1.25.2,369.036378
sb_1.01.swargavargah.mp3,1.1.26,1.1.26.1,375.521956
sb_1.01.swargavargah.mp3,1.1.26,1.1.26.2,381.385629
sb_1.01.swargavargah.mp3,1.1.26,1.1.26.3,387.693521
sb_1.01.swargavargah.mp3,1.1.26,1.1.26.4,393.557194
sb_1.01.swargavargah.mp3,1.1.26,1.1.26.5,400.220459
sb_1.01.swargavargah.mp3,1.1.26,1.1.26.6,406.528351
sb_1.01.swargavargah.mp3,1.1.27,1.1.27.1,413.546990
sb_1.01.swargavargah.mp3,1.1.27,1.1.27.2,419.854881
sb_1.01.swargavargah.mp3,1.1.27,1.1.27.3,426.873521
sb_1.01.swargavargah.mp3,1.1.27,1.1.27.4,432.914881
sb_1.01.swargavargah.mp3,1.1.28,1.1.28.1,438.867398
sb_1.01.swargavargah.mp3,1.1.28,1.1.28.2,445.352976
sb_1.01.swargavargah.mp3,1.1.28,1.1.28.3,452.105085
sb_1.01.swargavargah.mp3,1.1.28,1.1.28.4,460.101004
sb_1.01.swargavargah.mp3,1.1.28,1.1.28.5,466.278144
sb_1.01.swargavargah.mp3,1.1.29,1.1.29.1,473.030253
sb_1.01.swargavargah.mp3,1.1.29,1.1.29.2,480.048892
sb_1.01.swargavargah.mp3,1.1.30,1.1.30.1,486.534470
sb_1.01.swargavargah.mp3,1.1.30,1.1.30.2,493.020048
sb_1.01.swargavargah.mp3,1.1.31,1.1.31.1,499.772058
sb_1.01.swargavargah.mp3,1.1.31,1.1.31.2,506.168892
sb_1.01.swargavargah.mp3,1.1.32,1.1.32.1,512.921001
sb_1.01.swargavargah.mp3,1.1.32,1.1.32.2,519.761953
sb_1.01.swargavargah.mp3,1.1.33,1.1.33.1,526.425219
sb_1.01.swargavargah.mp3,1.1.33,1.1.33.2,533.443858
sb_1.01.swargavargah.mp3,1.1.34,1.1.34.1,539.840593
sb_1.01.swargavargah.mp3,1.1.34,1.1.34.2,546.415014
sb_1.01.swargavargah.mp3,1.1.34,1.1.34.3,553.255967
sb_1.01.swargavargah.mp3,1.1.35,1.1.35.1,560.185763
sb_1.01.swargavargah.mp3,1.1.35,1.1.35.2,566.493654
sb_1.01.swargavargah.mp3,1.1.35,1.1.35.3,574.578416
sb_1.01.swargavargah.mp3,1.1.35,1.1.35.4,581.863586
sb_1.01.swargavargah.mp3,1.1.36,1.1.36.1,588.793382
sb_1.01.swargavargah.mp3,1.1.36,1.1.36.2,594.923586
sb_1.01.swargavargah.mp3,1.1.36,1.1.36.3,600.698416
sb_1.01.swargavargah.mp3,1.1.36,1.1.36.4,608.161273
sb_1.01.swargavargah.mp3,1.1.37,1.1.37.1,614.913382
sb_1.01.swargavargah.mp3,1.1.37,1.1.37.2,621.932021
sb_1.01.swargavargah.mp3,1.1.37,1.1.37.3,628.684130
sb_1.01.swargavargah.mp3,1.1.38,1.1.38.1,635.613926
sb_1.01.swargavargah.mp3,1.1.38,1.1.38.2,642.099504
sb_1.01.swargavargah.mp3,1.1.39,1.1.39.1,647.874334
sb_1.01.swargavargah.mp3,1.1.39,1.1.39.2,653.471477
sb_1.01.swargavargah.mp3,1.1.40,1.1.40.1,660.401273
sb_1.01.swargavargah.mp3,1.1.40,1.1.40.2,667.750486
sb_1.01.swargavargah.mp3,1.1.40,1.1.40.3,674.083178
sb_1.01.swargavargah.mp3,1.1.40,1.1.40.4,681.012974
sb_1.01.swargavargah.mp3,1.1.41,1.1.41.1,687.853926
sb_1.01.swargavargah.mp3,1.1.41,1.1.41.2,694.873127
sb_1.01.swargavargah.mp3,1.1.42,1.1.42.1,701.446987
sb_1.01.swargavargah.mp3,1.1.42,1.1.42.2,707.932565
sb_1.01.swargavargah.mp3,1.1.43,1.1.43.1,715.128892
sb_1.01.swargavargah.mp3,1.1.43,1.1.43.2,721.969844
sb_1.01.swargavargah.mp3,1.1.44,1.1.44.1,728.721953
sb_1.01.swargavargah.mp3,1.1.44,1.1.44.2,735.086799
sb_1.01.swargavargah.mp3,1.1.45,1.1.45.1,741.959640
sb_1.01.swargavargah.mp3,1.1.45,1.1.45.2,748.178688
sb_1.01.swargavargah.mp3,1.1.46,1.1.46.1,754.575423
sb_1.01.swargavargah.mp3,1.1.46,1.1.46.2,761.327531
sb_1.01.swargavargah.mp3,1.1.47,1.1.47.1,767.635423
sb_1.01.swargavargah.mp3,1.1.47,1.1.47.2,774.209844
sb_1.01.swargavargah.mp3,1.1.48,1.1.48.1,780.517736
sb_1.01.swargavargah.mp3,1.1.48,1.1.48.2,787.891749
sb_1.01.swargavargah.mp3,1.1.49,1.1.49.1,794.199640
sb_1.01.swargavargah.mp3,1.1.49,1.1.49.2,800.596375
sb_1.01.swargavargah.mp3,1.1.50,1.1.50.1,807.835305
sb_1.01.swargavargah.mp3,1.1.50,1.1.50.2,814.722497
sb_1.01.swargavargah.mp3,1.1.51,1.1.51.1,821.208076
sb_1.01.swargavargah.mp3,1.1.51,1.1.51.2,828.759776
sb_1.01.swargavargah.mp3,1.1.52,1.1.52.1,835.423042
sb_1.01.swargavargah.mp3,1.1.52,1.1.52.2,842.708212
sb_1.01.swargavargah.mp3,1.1.52,1.1.52.3,849.066654
sb_1.01.swargavargah.mp3,1.1.52,1.1.52.4,856.051621
sb_1.01.swargavargah.mp3,1.1.53,1.1.53.1,863.838394
sb_1.01.swargavargah.mp3,1.1.53,1.1.53.2,870.979522
sb_1.01.swargavargah.mp3,1.1.54,1.1.54.1,877.731631
sb_1.01.swargavargah.mp3,1.1.54,1.1.54.2,884.483740
sb_1.01.swargavargah.mp3,1.1.55,1.1.55.1,891.058161
sb_1.01.swargavargah.mp3,1.1.55,1.1.55.2,897.899114
sb_1.01.swargavargah.mp3,1.1.56,1.1.56.1,904.029318
sb_1.01.swargavargah.mp3,1.1.56,1.1.56.2,911.403331
sb_1.01.swargavargah.mp3,1.1.57,1.1.57.1,917.622379
sb_1.01.swargavargah.mp3,1.1.57,1.1.57.2,925.418048
sb_1.01.swargavargah.mp3,1.1.57,1.1.57.3,931.814783
sb_1.01.swargavargah.mp3,1.1.57,1.1.57.4,938.655735
sb_1.01.swargavargah.mp3,1.1.58,1.1.58.1,944.867092
sb_1.01.swargavargah.mp3,1.1.58,1.1.58.2,951.004987
sb_1.01.swargavargah.mp3,1.1.59,1.1.59.1,957.579408
sb_1.01.swargavargah.mp3,1.1.59,1.1.59.2,963.709613
sb_1.01.swargavargah.mp3,1.1.60,1.1.60.1,971.616687
sb_1.01.swargavargah.mp3,1.1.60,1.1.60.2,978.635327
sb_1.01.swargavargah.mp3,1.1.61,1.1.61.1,984.943218
sb_1.01.swargavargah.mp3,1.1.61,1.1.61.2,991.073422
sb_1.01.swargavargah.mp3,1.1.62,1.1.62.1,997.292470
sb_1.01.swargavargah.mp3,1.1.62,1.1.62.2,1003.600361
sb_1.01.swargavargah.mp3,1.1.63,1.1.63.1,1009.019817
sb_1.01.swargavargah.mp3,1.1.63,1.1.63.2,1014.261585
sb_1.01.swargavargah.mp3,1.1.63,1.1.63.3,1021.102538
sb_1.01.swargavargah.mp3,1.1.63,1.1.63.4,1028.121177
sb_1.01.swargavargah.mp3,1.1.63,1.1.63.5,1034.429068
sb_1.01.swargavargah.mp3,1.1.63,1.1.63.6,1041.181177
sb_1.01.swargavargah.mp3,1.1.63,1.1.63.7,1041.299723
sb_1.01.swargavargah.mp3,1.1.64,1.1.64.1,1041.438497
sb_1.01.swargavargah.mp3,1.1.64,1.1.64.2,1047.429144
sb_1.01.swargavargah.mp3,1.1.65,1.1.65.1,1054.181252
sb_1.01.swargavargah.mp3,1.1.65,1.1.65.2,1060.844518
sb_1.01.swargavargah.mp3,1.1.66,1.1.66.1,1066.708191
sb_1.01.swargavargah.mp3,1.1.66,1.1.66.2,1072.038803
sb_1.01.swargavargah.mp3,1.1.67,1.1.67.1,1078.613225
sb_1.01.swargavargah.mp3,1.1.67,1.1.67.2,1085.187647
sb_1.01.swargavargah.mp3,1.1.68,1.1.68.1,1093.648426
sb_1.01.swargavargah.mp3,1.1.68,1.1.68.2,1100.468735
sb_1.01.swargavargah.mp3,1.1.69,1.1.69.1,1106.687783
sb_1.01.swargavargah.mp3,1.1.69,1.1.69.2,1113.084518
sb_1.01.swargavargah.mp3,1.1.70,1.1.70.1,1118.859348
sb_1.01.swargavargah.mp3,1.1.70,1.1.70.2,1125.700300
sb_1.01.swargavargah.mp3,1.1.71,1.1.71.1,1132.274722
sb_1.01.swargavargah.mp3,1.1.71,1.1.71.2,1138.671456
sb_1.01.swargavargah.mp3,1.1.71,1.1.71.3,1145.512409
sb_1.01.swargavargah.mp3,1.1.71,1.1.71.4,1151.642613
sb_1.02.vyomavargah.mp3,1.2.1,1.2.1.1,2.931837
sb_1.02.vyomavargah.mp3,1.2.1,1.2.1.2,10.128163
sb_1.02.vyomavargah.mp3,1.2.1,1.2.1.3,16.324901
sb_1.02.vyomavargah.mp3,1.2.1,1.2.1.4,22.743946
sb_1.02.vyomavargah.mp3,1.2.1,1.2.1.5,28.785306
sb_1.02.vyomavargah.mp3,1.2.1,1.2.1.6,35.803946
sb_1.03.digvargah.mp3,1.3.1,1.3.1.1,2.880948
sb_1.03.digvargah.mp3,1.3.1,1.3.1.2,9.988431
sb_1.03.digvargah.mp3,1.3.2,1.3.2.1,17.540131
sb_1.03.digvargah.mp3,1.3.2,1.3.2.2,24.647614
sb_1.03.digvargah.mp3,1.3.2,1.3.2.3,30.688975
sb_1.03.digvargah.mp3,1.3.2,1.3.2.4,37.441084
sb_1.03.digvargah.mp3,1.3.3,1.3.3.1,43.757951
sb_1.03.digvargah.mp3,1.3.3,1.3.3.2,50.830030
sb_1.03.digvargah.mp3,1.3.3,1.3.3.3,57.493296
sb_1.03.digvargah.mp3,1.3.3,1.3.3.4,63.978874
sb_1.03.digvargah.mp3,1.3.4,1.3.4.1,70.375609
sb_1.03.digvargah.mp3,1.3.4,1.3.4.2,76.928279
sb_1.03.digvargah.mp3,1.3.5,1.3.5.1,83.174811
sb_1.03.digvargah.mp3,1.3.5,1.3.5.2,90.104607
sb_1.03.digvargah.mp3,1.3.6,1.3.6.1,96.679029
sb_1.03.digvargah.mp3,1.3.6,1.3.6.2,102.631546
sb_1.03.digvargah.mp3,1.3.7,1.3.7.1,109.205968
sb_1.03.digvargah.mp3,1.3.7,1.3.7.2,115.691546
sb_1.03.digvargah.mp3,1.3.8,1.3.8.1,120.577941
sb_1.03.digvargah.mp3,1.3.8,1.3.8.2,126.796988
sb_1.03.digvargah.mp3,1.3.9,1.3.9.1,132.216444
sb_1.03.digvargah.mp3,1.3.9,1.3.9.2,139.146240
sb_1.03.digvargah.mp3,1.3.10,1.3.10.1,144.743383
sb_1.03.digvargah.mp3,1.3.10,1.3.10.2,152.117396
sb_1.03.digvargah.mp3,1.3.11,1.3.11.1,158.247601
sb_1.03.digvargah.mp3,1.3.11,1.3.11.2,165.976988
sb_1.03.digvargah.mp3,1.3.12,1.3.12.1,173.262158
sb_1.03.digvargah.mp3,1.3.12,1.3.12.2,179.747737
sb_1.03.digvargah.mp3,1.3.13,1.3.13.1,186.144471
sb_1.03.digvargah.mp3,1.3.13,1.3.13.2,191.563927
sb_1.03.digvargah.mp3,1.3.14,1.3.14.1,198.671410
sb_1.03.digvargah.mp3,1.3.14,1.3.14.2,205.334675
sb_1.03.digvargah.mp3,1.3.15,1.3.15.1,212.353315
sb_1.03.digvargah.mp3,1.3.15,1.3.15.2,218.472762
sb_1.03.digvargah.mp3,1.3.16,1.3.16.1,224.742698
sb_1.03.digvargah.mp3,1.3.16,1.3.16.2,231.317120
sb_1.03.digvargah.mp3,1.3.17,1.3.17.1,237.891542
sb_1.03.digvargah.mp3,1.3.17,1.3.17.2,244.250772
sb_1.03.digvargah.mp3,1.3.18,1.3.18.1,250.773855
sb_1.03.digvargah.mp3,1.3.18,1.3.18.2,256.904059
sb_1.03.digvargah.mp3,1.3.19,1.3.19.1,262.928101
sb_1.03.digvargah.mp3,1.3.19,1.3.19.2,269.342154
sb_1.03.digvargah.mp3,1.3.20,1.3.20.1,276.271950
sb_1.03.digvargah.mp3,1.3.20,1.3.20.2,283.024059
sb_1.03.digvargah.mp3,1.3.21,1.3.21.1,289.420794
sb_1.03.digvargah.mp3,1.3.21,1.3.21.2,296.528277
sb_1.03.digvargah.mp3,1.3.22,1.3.22.1,303.280385
sb_1.03.digvargah.mp3,1.3.22,1.3.22.2,310.299025
sb_1.03.digvargah.mp3,1.3.23,1.3.23.1,316.873447
sb_1.03.digvargah.mp3,1.3.23,1.3.23.2,323.092494
sb_1.03.digvargah.mp3,1.3.24,1.3.24.1,329.489229
sb_1.03.digvargah.mp3,1.3.24,1.3.24.2,336.063651
sb_1.03.digvargah.mp3,1.3.25,1.3.25.1,341.838481
sb_1.03.digvargah.mp3,1.3.25,1.3.25.2,348.768277
sb_1.03.digvargah.mp3,1.3.26,1.3.26.1,355.253855
sb_1.03.digvargah.mp3,1.3.26,1.3.26.2,362.005964
sb_1.03.digvargah.mp3,1.3.27,1.3.27.1,368.491542
sb_1.03.digvargah.mp3,1.3.27,1.3.27.2,374.532902
sb_1.03.digvargah.mp3,1.3.28,1.3.28.1,380.840794
sb_1.03.digvargah.mp3,1.3.28,1.3.28.2,387.240751
sb_1.03.digvargah.mp3,1.3.29,1.3.29.1,393.003836
sb_1.03.digvargah.mp3,1.3.29,1.3.29.2,399.578258
sb_1.03.digvargah.mp3,1.3.30,1.3.30.1,404.997714
sb_1.03.digvargah.mp3,1.3.30,1.3.30.2,411.039074
sb_1.03.digvargah.mp3,1.3.31,1.3.31.1,416.991591
sb_1.03.digvargah.mp3,1.3.31,1.3.31.2,423.299482
sb_1.03.digvargah.mp3,1.3.31,1.3.31.3,430.584653
sb_1.03.digvargah.mp3,1.3.31,1.3.31.4,436.803700
sb_1.03.digvargah.mp3,1.3.31,1.3.31.5,443.289278
sb_1.03.digvargah.mp3,1.3.31,1.3.31.6,449.863700
sb_1.03.digvargah.mp3,1.3.32,1.3.32.1,457.326557
sb_1.03.digvargah.mp3,1.3.32,1.3.32.2,463.989823
sb_1.03.digvargah.mp3,1.3.33,1.3.33.1,469.586965
sb_1.03.digvargah.mp3,1.3.33,1.3.33.2,475.717170
sb_1.03.digvargah.mp3,1.3.34,1.3.34.1,482.202748
sb_1.03.digvargah.mp3,1.3.34,1.3.34.2,488.866013
sb_1.03.digvargah.mp3,1.3.35,1.3.35.1,495.884653
sb_1.03.digvargah.mp3,1.3.35,1.3.35.2,502.992136
sb_1.04.kalavargah.mp3,1.4.1,1.4.1.1,3.033536
sb_1.04.kalavargah.mp3,1.4.1,1.4.1.2,9.801906
sb_1.04.kalavargah.mp3,1.4.2,1.4.2.1,17.708981
sb_1.04.kalavargah.mp3,1.4.2,1.4.2.2,23.750341
sb_1.04.kalavargah.mp3,1.4.2,1.4.2.3,30.413607
sb_1.04.kalavargah.mp3,1.4.3,1.4.3.1,37.432571
sb_1.04.kalavargah.mp3,1.4.3,1.4.3.2,44.628897
sb_1.04.kalavargah.mp3,1.4.4,1.4.4.1,51.825224
sb_1.04.kalavargah.mp3,1.4.4,1.4.4.2,58.755020
sb_1.04.kalavargah.mp3,1.4.5,1.4.5.1,64.618693
sb_1.04.kalavargah.mp3,1.4.5,1.4.5.2,72.081550
sb_1.04.kalavargah.mp3,1.4.6,1.4.6.1,79.004897
sb_1.04.kalavargah.mp3,1.4.6,1.4.6.2,85.579318
sb_1.04.kalavargah.mp3,1.4.7,1.4.7.1,92.420271
sb_1.04.kalavargah.mp3,1.4.7,1.4.7.2,98.639318
sb_1.04.kalavargah.mp3,1.4.8,1.4.8.1,106.279863
sb_1.04.kalavargah.mp3,1.4.8,1.4.8.2,112.498910
sb_1.04.kalavargah.mp3,1.4.9,1.4.9.1,120.494829
sb_1.04.kalavargah.mp3,1.4.9,1.4.9.2,127.779999
sb_1.04.kalavargah.mp3,1.4.10,1.4.10.1,134.354420
sb_1.04.kalavargah.mp3,1.4.10,1.4.10.2,141.373060
sb_1.04.kalavargah.mp3,1.4.11,1.4.11.1,147.236733
sb_1.04.kalavargah.mp3,1.4.11,1.4.11.2,154.788434
sb_1.04.kalavargah.mp3,1.4.12,1.4.12.1,162.428978
sb_1.04.kalavargah.mp3,1.4.12,1.4.12.2,168.648026
sb_1.04.kalavargah.mp3,1.4.13,1.4.13.1,174.600543
sb_1.04.kalavargah.mp3,1.4.13,1.4.13.2,182.418774
sb_1.04.kalavargah.mp3,1.4.14,1.4.14.1,188.548978
sb_1.04.kalavargah.mp3,1.4.14,1.4.14.2,194.679182
sb_1.04.kalavargah.mp3,1.4.14,1.4.14.3,201.075917
sb_1.04.kalavargah.mp3,1.4.14,1.4.14.4,208.538774
sb_1.04.kalavargah.mp3,1.4.15,1.4.15.1,215.823944
sb_1.04.kalavargah.mp3,1.4.15,1.4.15.2,222.398366
sb_1.04.kalavargah.mp3,1.4.16,1.4.16.1,229.950067
sb_1.04.kalavargah.mp3,1.4.16,1.4.16.2,237.162639
sb_1.04.kalavargah.mp3,1.4.17,1.4.17.1,244.447810
sb_1.04.kalavargah.mp3,1.4.17,1.4.17.2,250.666857
sb_1.04.kalavargah.mp3,1.4.18,1.4.18.1,257.507810
sb_1.04.kalavargah.mp3,1.4.18,1.4.18.2,264.437605
sb_1.04.kalavargah.mp3,1.4.19,1.4.19.1,270.656653
sb_1.04.kalavargah.mp3,1.4.19,1.4.19.2,277.142231
sb_1.04.kalavargah.mp3,1.4.20,1.4.20.1,283.983184
sb_1.04.kalavargah.mp3,1.4.20,1.4.20.2,290.557605
sb_1.04.kalavargah.mp3,1.4.21,1.4.21.1,297.487401
sb_1.04.kalavargah.mp3,1.4.21,1.4.21.2,304.417197
sb_1.04.kalavargah.mp3,1.4.22,1.4.22.1,311.080463
sb_1.04.kalavargah.mp3,1.4.22,1.4.22.2,317.210667
sb_1.04.kalavargah.mp3,1.4.23,1.4.23.1,323.696245
sb_1.04.kalavargah.mp3,1.4.23,1.4.23.2,330.448354
sb_1.04.kalavargah.mp3,1.4.24,1.4.24.1,336.149389
sb_1.04.kalavargah.mp3,1.4.24,1.4.24.2,342.264544
sb_1.04.kalavargah.mp3,1.4.25,1.4.25.1,348.927810
sb_1.04.kalavargah.mp3,1.4.25,1.4.25.2,355.324544
sb_1.04.kalavargah.mp3,1.4.26,1.4.26.1,361.632435
sb_1.04.kalavargah.mp3,1.4.26,1.4.26.2,367.762639
sb_1.04.kalavargah.mp3,1.4.27,1.4.27.1,374.425905
sb_1.04.kalavargah.mp3,1.4.27,1.4.27.2,380.289578
sb_1.04.kalavargah.mp3,1.4.28,1.4.28.1,385.886721
sb_1.04.kalavargah.mp3,1.4.28,1.4.28.2,392.816517
sb_1.04.kalavargah.mp3,1.4.29,1.4.29.1,398.946721
sb_1.04.kalavargah.mp3,1.4.29,1.4.29.2,405.787674
sb_1.04.kalavargah.mp3,1.4.30,1.4.30.1,412.450939
sb_1.04.kalavargah.mp3,1.4.30,1.4.30.2,418.225769
sb_1.04.kalavargah.mp3,1.4.31,1.4.31.1,424.089442
sb_1.04.kalavargah.mp3,1.4.31,1.4.31.2,430.752708
